"Recipient_Group","n","mean","median","sd"
"Low",14168,29259.7966544325,0,65022.1264538336
"Medium",14040,1430380.71873219,765007.5,2029878.14390648
"High",14532,97994472.5827828,19821204,274695994.613746
